0,sb,X:ARG:90:NH1,X:GLU:65:OE2
0,sb,X:ARG:236:NH1,X:GLU:224:OE1
0,sb,X:ARG:236:NH2,X:GLU:233:OE2
0,sb,X:GLU:224:OE1,X:LYS:34:NZ
0,sb,X:ARG:265:NH1,X:ASP:91:OD1
0,sb,X:ARG:84:NH2,X:ASP:80:OD2
0,sb,X:ARG:126:NH1,X:GLU:107:OE1
0,sb,X:ARG:236:NH2,X:GLU:224:OE2
0,sb,X:ARG:90:NH2,X:GLU:65:OE1
0,sb,X:ARG:126:NH1,X:GLU:107:OE2
0,sb,X:ARG:126:NH2,X:GLU:107:OE1
0,sb,X:ARG:90:NH1,X:GLU:65:OE1
0,sb,X:ARG:236:NH1,X:GLU:224:OE2
0,sb,X:ARG:126:NH2,X:GLU:107:OE2
0,sb,X:ARG:236:NH2,X:GLU:233:OE1
0,sb,X:ARG:265:NH2,X:ASP:91:OD2
0,sb,X:ARG:265:NH1,X:ASP:91:OD2
0,pc,X:ARG:264:NH2,X:TYR:288:CE1
0,pc,X:ARG:108:NH1,X:HID:44:CD2
0,pc,X:ARG:90:NH2,X:TYR:296:CE1
0,pc,X:ARG:265:NH1,X:HID:262:CD2
0,pc,X:ARG:90:NH2,X:PHE:295:CE1
0,pc,X:ARG:108:NH2,X:HID:44:CD2
0,pc,X:ARG:108:NH1,X:HID:242:CD2
0,pc,X:HID:285:NE2,X:TYR:286:CE1
0,pc,X:ARG:90:NH1,X:PHE:69:CE1
0,pc,X:ARG:264:NH1,X:TYR:261:CE1
0,pc,X:ARG:108:NH2,X:HID:242:CD2
0,pc,X:HID:285:ND1,X:TYR:286:CE1
0,pc,X:ARG:264:NH2,X:TYR:261:CE1
0,pc,X:HID:73:CD2,X:HID:74:NE2
0,pc,X:ARG:90:NH1,X:PHE:295:CE1
0,ts,X:PHE:295:CE1,X:TYR:296:CE1
0,hbsb,X:ARG:314:NE,X:LEU:308:O
0,hbss,X:ARG:126:NH1,X:GLU:107:OE2
0,hbbb,X:CYS:323:N,X:LEU:321:O
0,hbsb,X:ARG:314:NE,X:SER:310:O
0,hbbb,X:ALA:98:N,X:THR:94:O
0,hbbb,X:ARG:264:O,X:PHE:268:N
0,hbbb,X:ASN:203:N,X:THR:199:O
0,hbbb,X:TYR:109:N,X:VAL:106:O
0,hbss,X:ARG:90:NH2,X:GLU:65:OE1
0,hbsb,X:HID:44:N,X:SER:41:OG
0,hbsb,X:THR:20:O,X:THR:24:OG1
0,hbbb,X:ALA:202:O,X:THR:206:N
0,hbsb,X:THR:291:OG1,X:TYR:288:O
0,hbbb,X:ARG:126:O,X:PHE:130:N
0,hbbb,X:ILE:200:O,X:LYS:204:N
0,hbsb,X:GLN:275:OE1,X:SER:272:N
0,hbbb,X:ILE:134:O,X:SER:138:N
0,hbbb,X:GLN:40:N,X:SER:41:N
0,hbbb,X:ALA:96:O,X:ASN:100:N
0,hbbb,X:LEU:259:O,X:VAL:263:N
0,hbbb,X:ILE:194:N,X:PRO:190:O
0,hbbb,X:ALA:102:O,X:VAL:106:N
0,hbbb,X:LYS:204:O,X:MET:208:N
0,hbbb,X:GLN:180:O,X:PHE:184:N
0,hbbb,X:LEU:66:O,X:TRP:71:N
0,hbbb,X:GLU:65:O,X:PHE:69:N
0,hbbb,X:LEU:294:O,X:VAL:297:N
0,hbss,X:ARG:264:NE,X:THR:291:OG1
0,hbbb,X:ASP:91:O,X:TYR:95:N
0,hbbb,X:ILE:316:N,X:PHE:313:O
0,hbbb,X:VAL:177:O,X:VAL:181:N
0,hbbb,X:GLY:48:O,X:LEU:52:N
0,hbbb,X:PHE:147:N,X:THR:148:N
0,hbss,X:ARG:265:NH1,X:ASP:91:OD2
0,hbbb,X:SER:105:N,X:VAL:101:O
0,hbbb,X:GLY:79:O,X:GLY:82:N
0,hbbb,X:ALA:239:O,X:HID:242:N
0,hbsb,X:ARG:124:NH1,X:MET:122:O
0,hbbb,X:CYS:323:N,X:THR:320:O
0,hbbb,X:PHE:287:O,X:VAL:290:N
0,hbsb,X:ASN:307:ND2,X:PRO:303:O
0,hbss,X:ARG:126:NH1,X:GLU:107:OE1
0,hbbb,X:ASN:68:N,X:VAL:64:O
0,hbbb,X:ILE:201:O,X:LEU:205:N
0,hbbb,X:ASN:182:O,X:SER:186:N
0,hbbb,X:MET:191:O,X:SER:195:N
0,hbbb,X:LEU:47:N,X:VAL:43:O
0,hbss,X:ARG:126:NH2,X:GLU:107:OE2
0,hbsb,X:SER:41:OG,X:VAL:43:N
0,hbbb,X:ALA:98:O,X:VAL:101:N
0,hbbb,X:PHE:28:N,X:THR:24:O
0,hbbb,X:GLU:65:O,X:ILE:70:N
0,hbbb,X:LYS:5:O,X:THR:9:N
0,hbbb,X:PHE:187:N,X:THR:183:O
0,hbbb,X:LEU:259:N,X:VAL:255:O
0,hbbb,X:HID:285:O,X:TYR:288:N
0,hbss,X:GLU:65:OE1,X:TYR:296:OH
0,hbbb,X:GLN:238:N,X:PRO:234:O
0,hbbb,X:ARG:210:N,X:THR:206:O
0,hbbb,X:LYS:204:O,X:VAL:207:N
0,hbbb,X:VAL:11:N,X:VAL:8:O
0,hbbb,X:ALA:293:O,X:VAL:297:N
0,hbbb,X:PRO:144:O,X:THR:148:N
0,hbsb,X:GLY:79:O,X:TRP:76:NE1
0,hbbb,X:ALA:81:O,X:GLY:85:N
0,hbbb,X:GLY:22:N,X:VAL:18:O
0,hbsb,X:GLN:215:NE2,X:THR:220:N
0,hbsb,X:ILE:179:O,X:THR:183:OG1
0,hbbb,X:LEU:13:O,X:PHE:16:N
0,hbbb,X:PHE:16:O,X:THR:20:N
0,hbbb,X:ASN:302:O,X:TYR:306:N
0,hbsb,X:LYS:117:O,X:THR:120:OG1
0,hbbb,X:ALA:142:O,X:MET:145:N
0,hbbb,X:LEU:99:N,X:TYR:95:O
0,hbbb,X:ILE:301:O,X:LEU:305:N
0,hbbb,X:THR:26:O,X:THR:29:N
0,hbsb,X:ARG:90:O,X:THR:94:OG1
0,hbbb,X:PHE:295:N,X:THR:291:O
0,hbbb,X:THR:97:O,X:VAL:101:N
0,hbbb,X:ASP:91:N,X:TYR:87:O
0,hbbb,X:GLY:82:O,X:TYR:86:N
0,hbss,X:ARG:126:NH2,X:GLU:107:OE1
0,hbbb,X:PHE:279:O,X:PHE:283:N
0,hbbb,X:GLN:211:O,X:GLU:214:N
0,hbbb,X:ASN:198:N,X:ILE:194:O
0,hbbb,X:LEU:205:O,X:VAL:209:N
0,hbss,X:ASN:302:ND2,X:ASP:54:OD2
0,hbbb,X:GLU:214:O,X:VAL:218:N
0,hbsb,X:MET:289:O,X:TYR:12:OH
0,hbss,X:ARG:264:NH1,X:TYR:284:OH
0,hbbb,X:THR:29:N,X:VAL:25:O
0,hbsb,X:HID:114:ND1,X:LEU:110:O
0,hbbb,X:VAL:246:O,X:VAL:250:N
0,hbbb,X:ILE:301:O,X:ILE:304:N
0,hbbb,X:SER:105:O,X:TYR:109:N
0,hbbb,X:PRO:234:O,X:VAL:237:N
0,hbbb,X:ARG:314:O,X:LEU:318:N
0,hbbb,X:ALA:118:O,X:LEU:121:N
0,hbsb,X:ALA:111:O,X:GLN:238:NE2
0,hbbb,X:THR:148:O,X:THR:169:N
0,hbbb,X:ALA:111:O,X:HID:114:N
0,hbbb,X:PHE:16:N,X:TYR:12:O
0,hbbb,X:SER:53:O,X:THR:57:N
0,hbss,X:ARG:108:NH2,X:HID:242:NE2
0,hbbb,X:LEU:58:O,X:MET:62:N
0,hbbb,X:LEU:140:O,X:VAL:143:N
0,hbbb,X:ALA:10:O,X:ALA:14:N
0,hbbb,X:ASP:282:N,X:PRO:278:O
0,hbbb,X:GLN:217:N,X:GLY:216:N
0,hbbb,X:ALA:137:O,X:LEU:141:N
0,hbbb,X:ASN:23:N,X:GLY:19:O
0,hbbb,X:LEU:266:O,X:TYR:270:N
0,hbbb,X:GLN:40:N,X:SER:38:O
0,hbbb,X:LEU:294:N,X:VAL:290:O
0,hbbb,X:ALA:319:N,X:ILE:316:O
0,hbbb,X:CYS:113:N,X:TYR:109:O
0,hbsb,X:LEU:141:O,X:TYR:95:OH
0,hbbb,X:MET:191:N,X:PHE:187:O
0,hbss,X:GLU:107:OE2,X:THR:42:OG1
0,hbss,X:ASN:302:ND2,X:ASP:54:OD1
0,hbbb,X:LEU:56:N,X:SER:53:O
0,hbbb,X:SER:299:N,X:TYR:296:O
0,hbbb,X:VAL:21:O,X:VAL:25:N
0,hbbb,X:ILE:194:O,X:LEU:197:N
0,hbbb,X:ILE:134:N,X:PHE:130:O
0,hbbb,X:GLN:37:N,X:LYS:33:O
0,hbsb,X:LYS:128:O,X:SER:132:OG
0,hbbb,X:ALA:253:O,X:CYS:257:N
0,hbbb,X:ALA:249:O,X:ALA:253:N
0,hbbb,X:PHE:254:N,X:VAL:251:O
0,hbbb,X:LEU:136:O,X:LEU:140:N
0,hbss,X:GLN:37:OE1,X:SER:38:OG
0,hbbb,X:GLY:158:N,X:SER:155:O
0,hbbb,X:GLY:222:N,X:VAL:221:N
0,hbbb,X:ALA:111:N,X:GLU:107:O
0,hbss,X:ASN:292:ND2,X:TYR:288:OH
0,hbbb,X:THR:20:O,X:THR:24:N
0,hbbb,X:ARG:248:N,X:VAL:244:O
0,hbbb,X:GLN:238:O,X:LEU:240:N
0,hbbb,X:GLN:180:N,X:LYS:176:O
0,hbbb,X:TYR:67:O,X:VAL:72:N
0,hbbb,X:ARG:236:N,X:GLY:235:N
0,hbbb,X:ASN:23:O,X:THR:26:N
0,hbbb,X:ARG:124:O,X:THR:127:N
0,hbbb,X:ALA:319:N,X:HID:315:O
0,hbbb,X:GLY:85:O,X:LEU:89:N
0,hbsb,X:GLY:22:O,X:THR:26:OG1
0,hbbb,X:LEU:30:N,X:THR:26:O
0,hbbb,X:LEU:7:N,X:TYR:3:O
0,hbbb,X:HID:46:N,X:THR:42:O
0,hbbb,X:GLU:107:N,X:LEU:104:O
0,hbbb,X:ASP:282:O,X:TYR:286:N
0,hbsb,X:ALA:96:O,X:ASN:100:ND2
0,hbbb,X:ILE:131:N,X:THR:127:O
0,hbbb,X:GLY:22:O,X:THR:26:N
0,hbsb,X:ALA:202:O,X:THR:206:OG1
0,hbbb,X:ILE:232:O,X:VAL:221:N
0,hbbb,X:ALA:293:O,X:TYR:296:N
0,hbbb,X:ILE:271:N,X:MET:267:O
0,hbbb,X:THR:291:N,X:TYR:288:O
0,hbbb,X:GLU:65:N,X:MET:62:O
0,hbbb,X:ALA:202:N,X:ASN:198:O
0,hbss,X:ASN:292:ND2,X:GLU:65:OE2
0,hbbb,X:LEU:321:O,X:LEU:324:N
0,hbbb,X:ILE:188:O,X:VAL:192:N
0,hbss,X:HID:171:NE2,X:THR:174:OG1
0,hbbb,X:GLN:37:O,X:GLN:40:N
0,hbbb,X:THR:199:N,X:VAL:196:O
0,hbbb,X:HID:262:O,X:LEU:266:N
0,hbsb,X:ASN:153:OD1,X:GLY:162:N
0,hbbb,X:ARG:32:N,X:THR:29:O
0,hbbb,X:ARG:124:O,X:LYS:128:N
0,hbsb,X:ASP:273:O,X:GLN:159:NE2
0,hbbb,X:GLU:107:N,X:SER:103:O
0,hbbb,X:HID:114:O,X:LYS:117:N
0,hbbb,X:ARG:236:N,X:GLU:233:O
0,hbbb,X:GLY:150:N,X:THR:167:O
0,hbbb,X:ALA:137:N,X:ILE:134:O
0,hbbb,X:LYS:117:O,X:THR:120:N
0,hbbb,X:ILE:252:O,X:VAL:256:N
0,hbss,X:ARG:236:NH1,X:GLU:224:OE2
0,hbsb,X:ASN:23:ND2,X:SER:299:O
0,hbbb,X:ALA:98:N,X:TYR:95:O
0,hbbb,X:ARG:90:O,X:THR:94:N
0,hbss,X:ARG:90:NH1,X:GLU:65:OE2
0,hbbb,X:LEU:13:O,X:VAL:17:N
0,hbbb,X:ARG:32:N,X:PHE:28:O
0,hbbb,X:ILE:201:N,X:LEU:197:O
0,hbbb,X:ASN:302:N,X:SER:298:O
0,hbbb,X:ASN:182:N,X:VAL:178:O
0,hbbb,X:HID:44:N,X:SER:41:O
0,hbss,X:ASN:292:ND2,X:GLU:65:OE1
0,hbbb,X:LEU:110:N,X:VAL:106:O
0,hbbb,X:ARG:84:O,X:PHE:88:N
0,hbbb,X:ASP:54:N,X:LEU:50:O
0,hbss,X:THR:9:OG1,X:TRP:71:NE1
0,hbbb,X:ASN:292:N,X:TYR:288:O
0,hbbb,X:ILE:188:N,X:THR:183:O
0,hbbb,X:LEU:280:O,X:TYR:284:N
0,hbss,X:ASN:307:ND2,X:THR:26:OG1
0,hbsb,X:ASN:23:ND2,X:GLY:19:O
0,hbbb,X:ALA:27:N,X:ASN:23:O
0,hbbb,X:LEU:280:N,X:PHE:279:N
0,hbss,X:ARG:236:NH2,X:GLU:224:OE2
0,hbbb,X:ALA:249:N,X:VAL:246:O
0,hbsb,X:ARG:236:O,X:SER:41:OG
0,hbsb,X:ASP:80:OD2,X:GLU:151:N
0,hbbb,X:ILE:200:N,X:VAL:196:O
0,hbbb,X:ARG:265:N,X:TYR:261:O
0,hbbb,X:SER:49:N,X:TYR:45:O
0,hbbb,X:ALA:133:O,X:ALA:137:N
0,hbsb,X:SER:195:O,X:THR:199:OG1
0,hbbb,X:GLY:48:N,X:HID:44:O
0,hbbb,X:CYS:219:N,X:PRO:115:O
0,hbbb,X:ALA:212:N,X:VAL:209:O
0,hbbb,X:ALA:293:N,X:VAL:290:O
0,hbss,X:GLN:275:NE2,X:SER:272:OG
0,hbbb,X:HID:74:N,X:VAL:72:O
0,hbbb,X:GLU:224:N,X:MET:230:O
0,hbbb,X:PHE:184:N,X:VAL:181:O
0,hbbb,X:MET:145:O,X:THR:148:N
0,hbbb,X:GLN:152:O,X:VAL:165:N
0,hbbb,X:SER:49:O,X:SER:53:N
0,hbbb,X:TYR:286:O,X:VAL:290:N
0,hbsb,X:ARG:154:NH1,X:ASN:153:O
0,hbbb,X:ARG:126:N,X:SER:123:O
0,hbbb,X:ILE:179:O,X:THR:183:N
0,hbbb,X:ALA:118:N,X:HID:114:O
0,hbbb,X:ASN:100:O,X:SER:103:N
0,hbbb,X:ASN:100:O,X:LEU:104:N
0,hbbb,X:THR:277:O,X:TYR:281:N
0,hbbb,X:GLN:275:N,X:SER:272:O
0,hbbb,X:CYS:93:N,X:LEU:89:O
0,hbbb,X:SER:103:O,X:VAL:106:N
0,hbbb,X:LEU:136:N,X:SER:132:O
0,hbss,X:GLU:224:OE1,X:LYS:34:NZ
0,hbbb,X:VAL:192:O,X:VAL:196:N
0,hbsb,X:PHE:287:O,X:THR:291:OG1
0,hbsb,X:CYS:93:O,X:THR:97:OG1
0,hbbb,X:LEU:164:O,X:TRP:76:N
0,hbbb,X:LEU:52:N,X:SER:49:O
0,hbbb,X:ALA:61:N,X:THR:57:O
0,hbss,X:SER:298:OG,X:TRP:258:NE1
0,hbbb,X:LEU:99:O,X:SER:103:N
0,hbbb,X:ARG:265:N,X:HID:262:O
0,hbsb,X:ASN:312:N,X:SER:310:OG
0,hbbb,X:LEU:280:N,X:THR:277:O
0,hbbb,X:GLN:152:N,X:VAL:165:O
0,hbbb,X:LYS:119:O,X:MET:122:N
0,hbss,X:SER:123:OG,X:SER:125:OG
0,hbbb,X:ARG:210:N,X:VAL:207:O
0,hbbb,X:ARG:236:N,X:VAL:237:N
0,hbbb,X:CYX:83:N,X:GLY:79:O
0,hbss,X:ASN:182:ND2,X:TYR:95:OH
0,hbss,X:ARG:90:NH1,X:ASN:292:ND2
0,hbss,X:THR:29:OG1,X:THR:320:OG1
0,hbss,X:ARG:154:NH1,X:GLN:152:OE1
0,hbbb,X:THR:20:N,X:VAL:17:O
0,hbbb,X:ALA:133:N,X:PHE:130:O
0,hbbb,X:ARG:154:N,X:GLY:163:O
0,hbbb,X:ASP:157:N,X:SER:155:O
0,hbbb,X:ALA:173:O,X:LYS:176:N
0,hbsb,X:MET:191:O,X:SER:195:OG
0,hbbb,X:ALA:139:O,X:ALA:142:N
0,hbss,X:GLN:215:NE2,X:THR:220:OG1
0,hbbb,X:MET:267:O,X:TYR:270:N
0,hbbb,X:LEU:30:O,X:SER:38:N
0,hbbb,X:GLN:37:N,X:LYS:34:O
0,hbsb,X:ILE:134:O,X:SER:138:OG
0,hbbb,X:ALA:249:O,X:ILE:252:N
0,hbsb,X:ARG:126:NH2,X:LEU:121:O
0,hbbb,X:SER:41:O,X:TYR:45:N
0,hbbb,X:VAL:251:O,X:VAL:255:N
0,hbbb,X:LEU:56:O,X:LEU:60:N
0,hbbb,X:ASP:54:O,X:THR:57:N
0,hbss,X:ARG:154:NH2,X:GLN:152:OE1
0,hbbb,X:LEU:13:N,X:THR:9:O
0,hbbb,X:ALA:213:N,X:MET:208:O
0,hbbb,X:GLN:211:N,X:VAL:207:O
0,hbbb,X:ASN:307:N,X:ILE:304:O
0,hbsb,X:ARG:314:NH2,X:VAL:309:O
0,hbbb,X:ALA:10:N,X:VAL:6:O
0,hbsb,X:PHE:313:N,X:SER:310:OG
0,hbbb,X:ALA:92:O,X:ALA:96:N
0,hbbb,X:GLY:158:O,X:SER:155:N
0,hbbb,X:MET:145:O,X:MET:149:N
0,hbbb,X:LYS:176:N,X:THR:172:O
0,hbbb,X:TYR:284:O,X:TYR:288:N
0,hbss,X:ASP:157:OD1,X:SER:155:OG
0,hbbb,X:ALA:14:N,X:LEU:15:N
0,hbbb,X:ARG:84:N,X:ASP:80:O
0,hbbb,X:ALA:139:N,X:TRP:135:O
0,hbss,X:ARG:236:NE,X:GLU:233:OE2
0,hbss,X:ASN:198:OD1,X:SER:105:OG
0,hbbb,X:ARG:90:N,X:TYR:86:O
0,hbsb,X:ARG:154:N,X:ASN:153:OD1
0,hbbb,X:PHE:317:O,X:THR:320:N
0,hbbb,X:LYS:128:O,X:SER:132:N
0,hbbb,X:LEU:52:O,X:LEU:56:N
0,hbbb,X:LEU:15:N,X:VAL:11:O
0,hbbb,X:GLN:275:N,X:TRP:276:N
0,hbsb,X:LYS:5:O,X:THR:9:OG1
0,hbbb,X:GLY:19:N,X:LEU:15:O
0,hbbb,X:ALA:173:O,X:VAL:177:N
0,hbbb,X:ALA:27:N,X:THR:24:O
0,hbss,X:ARG:264:NH2,X:ASN:292:OD1
0,hbbb,X:ALA:31:N,X:THR:29:O
0,hbsb,X:HID:225:O,X:THR:227:OG1
0,hbbb,X:PHE:147:N,X:PRO:144:O
0,hbbb,X:GLN:211:N,X:MET:208:O
0,hbbb,X:LEU:89:N,X:TYR:86:O
0,hbbb,X:LEU:146:N,X:VAL:143:O
0,hbbb,X:LEU:55:O,X:LEU:59:N
0,hbbb,X:LYS:129:O,X:SER:132:N
0,hbbb,X:ALA:133:N,X:LYS:129:O
0,hbss,X:HID:46:NE2,X:SER:103:OG
0,hbbb,X:HID:171:O,X:THR:174:N
0,hbbb,X:GLY:243:O,X:LEU:247:N
0,hbbb,X:VAL:17:O,X:VAL:21:N
0,hbsb,X:GLN:37:OE1,X:LEU:39:N
0,hbbb,X:GLY:222:O,X:ILE:232:N
0,hbsb,X:HID:262:ND1,X:TRP:258:O
0,hbbb,X:ALA:31:N,X:PHE:28:O
0,hbbb,X:PHE:254:N,X:VAL:250:O
0,hbbb,X:ARG:154:O,X:GLY:163:N
0,hbbb,X:CYX:83:O,X:TYR:87:N
0,hbbb,X:THR:300:N,X:VAL:297:O
0,hbbb,X:PHE:254:O,X:TRP:258:N
0,hbbb,X:HID:46:N,X:VAL:43:O
0,hbbb,X:SER:272:O,X:TRP:276:N
0,hbbb,X:LEU:318:O,X:LEU:321:N
0,hbbb,X:HID:285:O,X:MET:289:N
0,hbbb,X:ASP:54:O,X:LEU:58:N
0,hbss,X:GLN:211:NE2,X:GLU:214:OE2
0,hbss,X:ARG:236:NH1,X:GLU:224:OE1
0,hbbb,X:ALA:92:N,X:LEU:89:O
0,hbss,X:ARG:90:NH1,X:GLU:65:OE1
0,hbbb,X:ARG:108:O,X:ILE:112:N
0,hbbb,X:MET:267:N,X:VAL:263:O
0,hbsb,X:PRO:144:O,X:THR:148:OG1
0,hbbb,X:ILE:304:O,X:LEU:308:N
0,hbsb,X:ARG:84:NE,X:MET:149:O
0,hbbb,X:ALA:322:N,X:LEU:318:O
0,hbsb,X:ALA:156:N,X:SER:155:OG
0,hbsb,X:PHE:16:O,X:THR:20:OG1
0,hbbb,X:ALA:51:N,X:LEU:47:O
0,hbbb,X:ALA:51:O,X:LEU:55:N
0,hbss,X:ARG:236:NH2,X:GLU:233:OE2
0,hbbb,X:GLY:243:N,X:LEU:240:O
0,hbbb,X:PRO:63:O,X:TYR:67:N
0,hbbb,X:ASN:182:O,X:MET:185:N
0,hbbb,X:LEU:66:N,X:MET:62:O
0,hbbb,X:ILE:304:O,X:VAL:309:N
0,hbbb,X:HID:171:O,X:VAL:175:N
0,hbbb,X:ASP:91:O,X:THR:94:N
0,hbss,X:GLU:65:OE2,X:TYR:288:OH
0,hbbb,X:PHE:28:N,X:VAL:25:O
0,hbbb,X:ILE:316:O,X:THR:320:N
0,hbbb,X:ARG:314:O,X:PHE:317:N
0,hbbb,X:HID:262:N,X:TRP:258:O
0,hbbb,X:ILE:2:O,X:LYS:5:N
0,hbbb,X:LEU:321:N,X:PHE:317:O
0,hbbb,X:PHE:283:O,X:PHE:287:N
0,hbbb,X:SER:138:N,X:TRP:135:O
0,hbbb,X:MET:230:N,X:PHE:228:O
0,hbbb,X:ARG:264:N,X:PRO:260:O
0,hbbb,X:MET:185:N,X:VAL:181:O
0,hbbb,X:GLN:217:N,X:GLU:214:O
0,hbsb,X:THR:29:OG1,X:VAL:25:O
0,hbbb,X:ILE:179:N,X:VAL:175:O
0,hbbb,X:ALA:92:N,X:PHE:88:O
0,hbbb,X:ARG:108:N,X:LEU:104:O
0,hbbb,X:SER:195:O,X:THR:199:N
0,hbbb,X:ALA:249:N,X:VAL:250:N
0,hbbb,X:PHE:287:O,X:THR:291:N
0,hbbb,X:GLY:243:O,X:VAL:246:N
0,hbbb,X:CYS:93:O,X:THR:97:N
0,hbss,X:ASN:100:ND2,X:SER:53:OG
0,hbsb,X:SER:53:O,X:THR:57:OG1
0,hbbb,X:ILE:201:O,X:LYS:204:N
0,hbbb,X:ALA:239:O,X:GLY:243:N
0,hbss,X:ARG:236:NH2,X:GLU:233:OE1
0,hbbb,X:ALA:102:N,X:ALA:98:O
0,hbbb,X:HID:285:N,X:TYR:281:O
0,hbsb,X:ARG:108:NH1,X:VAL:237:O
0,hbbb,X:PHE:184:O,X:PHE:189:N
0,hbss,X:HID:262:NE2,X:SER:186:OG
0,hbbb,X:ALA:14:O,X:VAL:18:N
0,hbbb,X:ALA:61:O,X:GLU:65:N
0,hbsb,X:ASP:273:OD2,X:GLU:274:N
0,hbbb,X:ILE:2:O,X:VAL:6:N
0,hbbb,X:ILE:301:N,X:VAL:297:O
0,hbbb,X:HID:46:O,X:LEU:50:N
0,hbbb,X:ASN:203:O,X:THR:206:N
0,hbbb,X:ALA:102:O,X:SER:105:N
0,hbbb,X:TYR:12:N,X:VAL:8:O
